"sim type","cost homozygosity","alleles","swarm","QLness rate","QL drone competitiveness","mean queen alleles @ gen 1","mean queen alleles @ gen 2","mean queen alleles @ gen 3","mean queen alleles @ gen 4","mean queen alleles @ gen 5","mean queen alleles @ gen 6","sd @ gen 6","median @ gen 6","mean queen-laid drone alleles @ gen 1","mean queen-laid drone alleles @ gen 2","mean queen-laid drone alleles @ gen 3","mean queen-laid drone alleles @ gen 4","mean queen-laid drone alleles @ gen 5","mean queen-laid drone alleles @ gen 6","sd @ gen 6","median @ gen 6","mean worker-laid drone alleles @ gen 1","mean worker-laid drone alleles @ gen 2","mean worker-laid drone alleles @ gen 3","mean worker-laid drone alleles @ gen 4","mean worker-laid drone alleles @ gen 5","mean worker-laid drone alleles @ gen 6","sd @ gen 6","median @ gen 6","mean alleles carried in worker-laid fraction not found in queen-laid fraction @ gen 1","mean alleles carried in worker-laid fraction not found in queen-laid fraction @ gen 2","mean alleles carried in worker-laid fraction not found in queen-laid fraction @ gen 3","mean alleles carried in worker-laid fraction not found in queen-laid fraction @ gen 4","mean alleles carried in worker-laid fraction not found in queen-laid fraction @ gen 5","mean alleles carried in worker-laid fraction not found in queen-laid fraction @ gen 6","mean frequency of alleles carried in worker-laid fraction not found in queen-laid fraction @ gen 6","proportion of extinctions","mean gen in which extinction occurs (all QR colonies lost)","proportion of extinctions that were @ gen 1","population size @ gen6","DMP @ gen 1","DMP @ gen 2","DMP @ gen 3","DMP @ gen 4","DMP @ gen 5","DMP at gen 6","sd @ gen6","range @ gen6"
"no_worker_reproduction_multiple_founder",0.5,15,2,0.1,"NA",3.46220570012392,4.48781495249897,5.28748451053284,5.90045435770343,8.29202808756712,9.13692688971499,1.89935884724208,9,2,3.46220570012392,4.48781495249897,5.28748451053284,7.11317637339942,8.29202808756712,1.85227364007464,8,0,0,0,0,0,0,0,0,0,0,0,0,0,0,NA,0.0316,1.34177215189873,0.772151898734177,248.118959107807,0.364259386289281,0.305784079952243,0.283701223502434,0.2681735947012,0.237733149001943,0.227165927185904,0.0398617359623739,"0.12--0.47"
"no_worker_reproduction_multiple_founder",0.5,15,2,0.3,"NA",3.19301087711178,3.84957185836612,4.28187919463087,4.59222402221708,6.74635501041426,7.28488775746355,1.85456788234423,7,2,3.19301087711178,3.84957185836612,4.28187919463087,5.9844943300162,6.74635501041426,1.79001895108257,7,0,0,0,0,0,0,0,0,0,0,0,0,0,0,NA,0.1358,1.54933726067747,0.642120765832106,82.6639666743809,0.358893375100561,0.315357373636466,0.303255336841119,0.295271022199302,0.242261346919917,0.23427283943394,0.0481118284099211,"0.12--0.50"
"no_worker_reproduction_multiple_founder",0.5,15,2,0.5,"NA",2.93382849426063,3.29237002025658,3.41019581363943,3.4814314652262,5.21843349088454,5.33558406482107,1.71534086177045,5,2,2.93382849426063,3.29237002025658,3.41019581363943,5.01114112086428,5.21843349088454,1.61946050399859,5,0,0,0,0,0,0,0,0,0,0,0,0,0,0,NA,0.4076,1.95731108930324,0.492639842983317,23.9031060094531,0.354147374682486,0.325513116100082,0.324943836367751,0.330453528653478,0.237047720509594,0.244861972119127,0.0697065850451144,"0.11--0.50"
"no_worker_reproduction_multiple_founder",0.5,15,4,0.1,"NA",4.66813981518682,6.2840498192045,7.34029730815589,8.01225391723584,10.4797107271997,11.3662113298513,1.84246979510853,12,2,4.66813981518682,6.2840498192045,7.34029730815589,8.93873041382081,10.4797107271997,1.9276886889809,11,0,0,0,0,0,0,0,0,0,0,0,0,0,0,NA,0.00439999999999996,1,1,4970.71313780635,0.323756029053086,0.262898169761953,0.249294809862505,0.234183675249722,0.22023299104792,0.210222251125942,0.0353707085363098,"0.13--0.48"
"no_worker_reproduction_multiple_founder",0.5,15,4,0.3,"NA",4.07946611909651,5.21827515400411,5.86591375770021,6.22320328542094,8.71170431211499,9.4264887063655,2.02759677622907,9,2,4.07946611909651,5.21827515400411,5.86591375770021,7.40492813141684,8.71170431211499,2.01846237473663,9,0,0,0,0,0,0,0,0,0,0,0,0,0,0,NA,0.026,1.28461538461538,0.776923076923077,1424.76180698152,0.324953676542486,0.276488255693069,0.266647458110085,0.254427030556685,0.236453142157299,0.227067953463948,0.045706477903101,"0.14--0.49"
"no_worker_reproduction_multiple_founder",0.5,15,4,0.5,"NA",3.52489814395654,4.12765957446809,4.51335445903124,4.69941149841557,7.02421910366682,7.48257129923042,1.84300978785153,7,2,3.52489814395654,4.12765957446809,4.51335445903124,6.071299230421,7.02421910366682,1.87475202833335,7,0,0,0,0,0,0,0,0,0,0,0,0,0,0,NA,0.1164,1.40721649484536,0.713058419243986,289.221593481213,0.325005905674477,0.293965358234221,0.292689182917453,0.286061812510177,0.248485788774811,0.239797753337558,0.0502658880146211,"0.13--0.50"
"no_worker_reproduction_multiple_founder",0.5,15,6,0.3,"NA",4.99859381277622,6.38589795098433,7.06267577340297,7.37063077541181,10.0098433105665,10.7191643230213,2.00408422256751,11,2,4.99859381277622,6.38589795098433,7.06267577340297,8.4003615910004,10.0098433105665,2.06068851271366,10,0,0,0,0,0,0,0,0,0,0,0,0,0,0,NA,0.00439999999999996,1,1,10666.4991964644,0.307088755319722,0.253720805095339,0.247969343085025,0.232386729559637,0.219855822443352,0.210294954831454,0.0410937409591801,"0.13--0.50"
"no_worker_reproduction_multiple_founder",0.5,15,6,0.5,"NA",4.23371251292658,5.03929679420889,5.4641158221303,5.63226473629783,8.17269906928645,8.73402275077559,1.92343909912385,9,2,4.23371251292658,5.03929679420889,5.4641158221303,6.85439503619442,8.17269906928645,1.93794910324227,8,0,0,0,0,0,0,0,0,0,0,0,0,0,0,NA,0.033,1.21212121212121,0.793939393939394,1995.93422957601,0.305383551872694,0.26909026560993,0.26858961483777,0.257155423488215,0.239679146318551,0.230861614765492,0.0479895882097957,"0.14--0.49"
"no_worker_reproduction_multiple_founder",0.05,15,2,0.1,"NA",3.50102459016393,4.6202868852459,5.47622950819672,6.13012295081967,8.55184426229508,9.44487704918033,1.84560722338274,10,2,3.50102459016393,4.6202868852459,5.47622950819672,7.33012295081967,8.55184426229508,1.82459363000716,9,0,0,0,0,0,0,0,0,0,0,0,0,0,0,NA,0.024,1.21666666666667,0.816666666666667,422.044467213115,0.365818025468384,0.304498428437458,0.281316997868954,0.268069878444608,0.245802107162602,0.238035691486014,0.0421531930799112,"0.14--0.49"
"no_worker_reproduction_multiple_founder",0.05,15,2,0.3,"NA",3.20089485458613,3.91498881431767,4.39977628635347,4.72572706935123,6.88680089485459,7.47203579418345,1.84532844553191,7,2,3.20089485458613,3.91498881431767,4.39977628635347,6.09038031319911,6.88680089485459,1.78195633269336,7,0,0,0,0,0,0,0,0,0,0,0,0,0,0,NA,0.106,1.45849056603774,0.679245283018868,135.983445190157,0.358781365912238,0.316547010975977,0.302195788315172,0.2946471944743,0.25346881165645,0.247658675109086,0.0510355140615126,"0.12--0.50"
"no_worker_reproduction_multiple_founder",0.05,15,2,0.5,"NA",2.93657505285412,3.34068257324071,3.51555421322863,3.62126245847176,5.41407429779523,5.66082754454848,1.74526630664958,6,2,2.93657505285412,3.34068257324071,3.51555421322863,5.13832678948958,5.41407429779523,1.64760231702993,5,0,0,0,0,0,0,0,0,0,0,0,0,0,0,NA,0.3378,1.80284191829485,0.535227945529899,37.178495922682,0.355357861960852,0.328018334108781,0.327072831498721,0.330512959430554,0.251571350368203,0.257403583606645,0.0683256355803284,"0.06--0.50"
"no_worker_reproduction_multiple_founder",0.05,15,4,0.1,"NA",4.73449729078868,6.43728677503512,7.55087296809151,8.29640778647401,10.7449327714228,11.6417820590006,1.75138764593508,12,2,4.73449729078868,6.43728677503512,7.55087296809151,9.19084888621313,10.7449327714228,1.84423595372352,11,0,0,0,0,0,0,0,0,0,0,0,0,0,0,NA,0.00339999999999996,1,1,8691.55047160345,0.324780376880016,0.261890771113822,0.25129147766462,0.238402679464194,0.226852954894285,0.218231962967127,0.0362412021375495,"0.14--0.49"
"no_worker_reproduction_multiple_founder",0.05,15,4,0.3,"NA",4.18261758691207,5.37730061349693,6.01881390593047,6.38343558282209,8.85398773006135,9.56891615541922,2.01970631352354,10,2,4.18261758691207,5.37730061349693,6.01881390593047,7.52494887525562,8.85398773006135,2.04699077906906,9,0,0,0,0,0,0,0,0,0,0,0,0,0,0,NA,0.022,1.13636363636364,0.872727272727273,2557.38629856851,0.322456403798428,0.273449323667476,0.266217926195374,0.255566326112797,0.242197713464058,0.234516345737518,0.0466869280153555,"0.15--0.49"
"no_worker_reproduction_multiple_founder",0.05,15,4,0.5,"NA",3.58757682177349,4.26075504828797,4.65693590869184,4.83713784021071,7.10886742756804,7.664398595259,1.84871661374197,8,2,3.58757682177349,4.26075504828797,4.65693590869184,6.19227392449517,7.10886742756804,1.876891757321,7,0,0,0,0,0,0,0,0,0,0,0,0,0,0,NA,0.0888,1.36936936936937,0.718468468468468,509.545215100966,0.32133583221846,0.291899070164646,0.291669285754914,0.285510750122222,0.258678180523533,0.252035045126761,0.0530226862463192,"0.14--0.50"
"no_worker_reproduction_multiple_founder",0.05,15,6,0.3,"NA",5.06032575909914,6.54232857430123,7.24391715262417,7.59440981299015,10.2161673034386,10.9487231047657,1.9271697341372,11,2,5.06032575909914,6.54232857430123,7.24391715262417,8.57430122662377,10.2161673034386,1.98316629196687,10,0,0,0,0,0,0,0,0,0,0,0,0,0,0,NA,0.00539999999999996,1.11111111111111,0.925925925925926,18685.8590388096,0.308506176582539,0.253616445364465,0.249660286210334,0.235713336539902,0.224987356665036,0.216378488452127,0.0400474933491245,"0.15--0.50"
"no_worker_reproduction_multiple_founder",0.05,15,6,0.5,"NA",4.3140086651537,5.2160099030328,5.6162574788529,5.79430575613782,8.41097586135754,8.95213534144832,1.93171156613646,9,2,4.3140086651537,5.2160099030328,5.6162574788529,7.01299773055498,8.41097586135754,1.94493617901481,8,0,0,0,0,0,0,0,0,0,0,0,0,0,0,NA,0.0306,1.09150326797386,0.915032679738562,3623.36950691149,0.307801673116559,0.268051227373905,0.267663673305256,0.257190449232245,0.244484149964036,0.236881036850832,0.0492587476994554,"0.14--0.49"
"no_worker_reproduction_single_founder",0.5,15,2,0.1,"NA",3.43742255266419,4.47129285419248,5.29450640231309,5.9002478314746,6.34056175134242,6.66418835192069,2.09385099599658,7,2,3.43742255266419,4.47129285419248,5.29450640231309,5.9002478314746,6.34056175134242,1.92212644287292,6,0,0,0,0,0,0,0,0,0,0,0,0,0,0,NA,0.0316,1.32911392405063,0.778481012658228,241.77736472532,0.36582372002911,0.306447144110144,0.282495732658093,0.267435684560741,0.256680735863904,0.247133000626507,0.0522731018085801,"0.14--0.50"
"no_worker_reproduction_single_founder",0.5,15,2,0.3,"NA",3.19448984356759,3.8466028484707,4.27293952836797,4.56222274106934,4.75601214102265,4.89236516460425,1.73833473363617,5,2,3.19448984356759,3.8466028484707,4.27293952836797,4.56222274106934,4.75601214102265,1.64704544095763,5,0,0,0,0,0,0,0,0,0,0,0,0,0,0,NA,0.1434,1.76150627615063,0.578800557880056,75.4067242586972,0.360033507332422,0.315449997220645,0.302880406071669,0.29578078491614,0.288071606108787,0.281432255298178,0.0706701355554625,"0.15--0.50"
"no_worker_reproduction_single_founder",0.5,15,2,0.5,"NA",2.97177563415506,3.27902822436584,3.45337620578778,3.51304037156127,3.56234369417649,3.55769917827796,1.2108680454172,3,2,2.97177563415506,3.27902822436584,3.45337620578778,3.51304037156127,3.56234369417649,1.20945628196578,3,0,0,0,0,0,0,0,0,0,0,0,0,0,0,NA,0.4402,2.22989550204453,0.455247614720582,20.4226509467667,0.353320488609878,0.322693041141985,0.323716863726699,0.324963157955123,0.328071772225166,0.330653397950802,0.085972601271562,"0.13--0.50"
"no_worker_reproduction_single_founder",0.5,15,4,0.1,"NA",4.68675909182238,6.33916013662849,7.37472372915411,8.06268836648584,8.50994575045208,8.81715893108298,2.41160505730701,9,2,4.68675909182238,6.33916013662849,7.37472372915411,8.06268836648584,8.50994575045208,2.26853555275873,9,0,0,0,0,0,0,0,0,0,0,0,0,0,0,NA,0.00460000000000005,1.08695652173913,0.91304347826087,5023.05384769942,0.325179890656081,0.261383931476533,0.248468908429107,0.233328460224784,0.221318273585294,0.211399680455375,0.0366120848719275,"0.14--0.50"
"no_worker_reproduction_single_founder",0.5,15,4,0.3,"NA",4.07854799015587,5.20508613617719,5.87120590648072,6.22867104183757,6.43027071369975,6.52973748974569,2.3550790966732,6,2,4.07854799015587,5.20508613617719,5.87120590648072,6.22867104183757,6.43027071369975,2.25016430363779,6,0,0,0,0,0,0,0,0,0,0,0,0,0,0,NA,0.0248,1.19354838709677,0.846774193548387,1417.36812961444,0.324608146388294,0.275249666594778,0.266737831558225,0.254300130106744,0.243855054872985,0.235266838950062,0.0532564609341497,"0.14--0.50"
"no_worker_reproduction_single_founder",0.5,15,4,0.5,"NA",3.56259763445659,4.20374916313323,4.56594510153983,4.7576433831734,4.84378486944878,4.88774827047534,1.78988585654931,5,2,3.56259763445659,4.20374916313323,4.56594510153983,4.7576433831734,4.84378486944878,1.74697758187266,5,0,0,0,0,0,0,0,0,0,0,0,0,0,0,NA,0.1038,1.45664739884393,0.687861271676301,285.208881945994,0.320884984396198,0.289955898266531,0.29014907806312,0.284540187895331,0.277781371623192,0.271440904375323,0.0712735642632587,"0.14--0.50"
"no_worker_reproduction_single_founder",0.5,15,6,0.3,"NA",4.9919710959454,6.38378161380971,7.03412284223204,7.36732236049779,7.52428743476515,7.60256924929747,2.55055635225035,8,2,4.9919710959454,6.38378161380971,7.03412284223204,7.36732236049779,7.52428743476515,2.46780356815376,8,0,0,0,0,0,0,0,0,0,0,0,0,0,0,NA,0.00360000000000005,1.27777777777778,0.722222222222222,10598.9291449217,0.306855028446508,0.25331086067892,0.247446386080636,0.23186117186344,0.221016971614522,0.211763790422049,0.0428661064861775,"0.13--0.50"
"no_worker_reproduction_single_founder",0.5,15,6,0.5,"NA",4.22925719015104,5.06621146285951,5.47072211876681,5.6403889923443,5.70349679288227,5.72605007241879,2.06352399303794,5,2,4.22925719015104,5.06621146285951,5.47072211876681,5.6403889923443,5.70349679288227,2.03030184973438,5,0,0,0,0,0,0,0,0,0,0,0,0,0,0,NA,0.0334,1.16167664670659,0.862275449101796,1998.83902338092,0.306473974246321,0.269595584482223,0.268274822764643,0.257266589749141,0.248281218548058,0.240525765140796,0.0604056079505473,"0.14--0.50"
"no_worker_reproduction_single_founder",0.05,15,2,0.1,"NA",3.48533007334963,4.60574572127139,5.46780766096169,6.14160554197229,6.63895680521597,7.0222086389568,2.05887360401079,7,2,3.48533007334963,4.60574572127139,5.46780766096169,6.14160554197229,6.63895680521597,1.88848642514543,7,0,0,0,0,0,0,0,0,0,0,0,0,0,0,NA,0.0184,1.26086956521739,0.793478260869565,415.700081499592,0.367950729938811,0.304910893418984,0.281335384784329,0.268366626593618,0.258723256911605,0.250673830958778,0.04868697567493,"0.15--0.50"
"no_worker_reproduction_single_founder",0.05,15,2,0.3,"NA",3.17150573936529,3.91109610623453,4.42718883637182,4.74994373171281,4.9518343461625,5.09610623452622,1.80536263042718,5,2,3.17150573936529,3.91109610623453,4.42718883637182,4.74994373171281,4.9518343461625,1.69179047432674,5,0,0,0,0,0,0,0,0,0,0,0,0,0,0,NA,0.1114,1.48473967684022,0.678635547576302,128.909520594193,0.362172639143436,0.316778240724376,0.30311744607649,0.293812539314164,0.287101514256554,0.28093578092805,0.0661607872177334,"0.15--0.50"
"no_worker_reproduction_single_founder",0.05,15,2,0.5,"NA",2.9596875,3.3315625,3.5396875,3.6665625,3.749375,3.7809375,1.26578031606354,4,2,2.9596875,3.3315625,3.5396875,3.6665625,3.749375,1.23901850228934,4,0,0,0,0,0,0,0,0,0,0,0,0,0,0,NA,0.36,1.95666666666667,0.523333333333333,33.05625,0.353904389880952,0.325331914317565,0.325872239913741,0.325887028687984,0.326500670744914,0.3248859149271,0.0810806058173872,"0.12--0.50"
"no_worker_reproduction_single_founder",0.05,15,4,0.1,"NA",4.73762277009421,6.45219482862297,7.54860693525757,8.28643014632191,8.78532772098617,9.1110442974544,2.36082032906886,10,2,4.73762277009421,6.45219482862297,7.54860693525757,8.28643014632191,8.78532772098617,2.2179322202981,9,0,0,0,0,0,0,0,0,0,0,0,0,0,0,NA,0.00219999999999998,1,1,8732.24794548006,0.325180246553518,0.261851544607562,0.251262627940674,0.238471301336594,0.228078596052769,0.219362052118744,0.0368178686460781,"0.15--0.50"
"no_worker_reproduction_single_founder",0.05,15,4,0.3,"NA",4.18194813150909,5.36164998978967,6.04431284459873,6.40004084133143,6.59199509904023,6.70267510720849,2.40502159486179,7,2,4.18194813150909,5.36164998978967,6.04431284459873,6.40004084133143,6.59199509904023,2.29016466856126,7,0,0,0,0,0,0,0,0,0,0,0,0,0,0,NA,0.0206,1.13592233009709,0.87378640776699,2519.63569532367,0.322987617798216,0.273700248470297,0.266164850657362,0.255682911431786,0.246898903636262,0.239245525934346,0.0518991732209456,"0.15--0.50"
"no_worker_reproduction_single_founder",0.05,15,4,0.5,"NA",3.60271572492335,4.31011826544021,4.67915024091108,4.87625930792816,4.96473937801139,5.00635129215944,1.80754266165948,5,2,3.60271572492335,4.31011826544021,4.67915024091108,4.87625930792816,4.96473937801139,1.75780674851904,5,0,0,0,0,0,0,0,0,0,0,0,0,0,0,NA,0.0868,1.35714285714286,0.746543778801843,493.941524310118,0.320790052770999,0.290206944097533,0.28900513997744,0.283250514675057,0.276628823942286,0.270451717468605,0.0669425975232915,"0.14--0.50"
"no_worker_reproduction_single_founder",0.05,15,6,0.3,"NA",5.08716609760996,6.55874673629243,7.27957421168909,7.6226149829283,7.80960032134967,7.88933520787307,2.5703451336297,8,2,5.08716609760996,6.55874673629243,7.27957421168909,7.6226149829283,7.80960032134967,2.48933043031446,8,0,0,0,0,0,0,0,0,0,0,0,0,0,0,NA,0.00419999999999998,1,1,18535.8314922675,0.307247368964079,0.251853422854155,0.248022190896032,0.234357813261443,0.224627034855508,0.216120596319555,0.0400646358175906,"0.14--0.50"
"no_worker_reproduction_single_founder",0.05,15,6,0.5,"NA",4.29011079195732,5.18649979482971,5.60607304062372,5.77533853098071,5.84283955683217,5.86869101354124,2.12516037944135,6,2,4.29011079195732,5.18649979482971,5.60607304062372,5.77533853098071,5.84283955683217,2.08222200828787,6,0,0,0,0,0,0,0,0,0,0,0,0,0,0,NA,0.0252,1.12698412698413,0.880952380952381,3582.86828067296,0.305103699815436,0.267451095464519,0.267879265695122,0.257810982076017,0.249920504237993,0.242708897925308,0.0552417871814091,"0.15--0.50"
"worker_reproduction_multiple_founder",0.5,15,2,0.1,"1",3.43853135313531,4.49071782178218,5.46947194719472,6.33271452145215,8.84612211221122,9.87809405940594,1.84844341414997,10,2,3.43853135313531,4.49071782178218,5.46947194719472,7.4773102310231,8.84612211221122,1.83670073461944,9,0,3.3976897689769,4.19575082508251,5.88180693069307,7.15346534653465,9.64397689768977,3.77113750127468,9,0,2.49360561056106,2.0608498349835,2.0049504950495,1.62520627062706,2.38778877887789,0.000948048109017498,0.0304,1.43421052631579,0.671052631578947,249.464108910891,0.365977031110849,0.294146326483382,0.275624580381096,0.261255743441638,0.233151005411919,0.221873579332676,0.0359553379183251,"0.12--0.45"
"worker_reproduction_multiple_founder",0.5,15,2,0.3,"1",3.16489115331172,3.80801296896711,4.53705419175544,5.12297359888837,7.47985178323298,8.21584066697545,1.98761724353112,8,2,3.16489115331172,3.80801296896711,4.53705419175544,6.44650301065308,7.47985178323298,1.86972930602754,7,0,7.34993052339046,7.17716535433071,7.89231125521075,8.17855488652154,11.8633626679018,3.42737565236419,13,0,5.54492820750347,4.24965261695229,3.90342751273738,2.94210282538212,5.01621120889301,0.0037770859747916,0.1364,1.62023460410557,0.609970674486804,82.5588235294118,0.362619447385253,0.283411863123248,0.281154437310499,0.272087159143648,0.229020148731264,0.216876323941925,0.0399178324780619,"0.11--0.43"
"worker_reproduction_multiple_founder",0.5,15,2,0.5,"1",2.93825503355705,3.2755033557047,3.61912751677852,3.85771812080537,5.66409395973154,5.85436241610738,1.96552984780401,6,2,2.93825503355705,3.2755033557047,3.61912751677852,5.33187919463087,5.66409395973154,1.82728178697214,6,0,9.74798657718121,7.65,8.13523489932886,7.46912751677852,12.5684563758389,3.05279905017151,14,0,7.49463087248322,4.81275167785235,4.76744966442953,3.29328859060403,7.22147651006711,0.0136936518291058,0.404,1.95148514851485,0.493069306930693,24.7315436241611,0.355395094279322,0.273987394813188,0.288071432239814,0.285391703680299,0.220692880708294,0.208915768554519,0.0490213170614902,"0.05--0.43"
"worker_reproduction_multiple_founder",0.5,15,4,0.1,"1",4.6886432160804,6.30552763819095,8.0956783919598,9.45045226130653,11.865527638191,12.7732663316583,1.36548325361566,13,2,4.6886432160804,6.30552763819095,8.0956783919598,10.1889447236181,11.865527638191,1.56014894629004,12,0,5.04221105527638,6.42994974874372,9.05306532663317,10.3310552763819,12.5013065326633,2.28418020158497,13,0,3.18492462311558,2.24562814070352,2.01969849246231,1.34391959798995,1.53145728643216,6.71452910695154e-05,0.005,1.04,0.96,5122.37407035176,0.324142244411089,0.253779444818707,0.245981154715713,0.229379143918946,0.215832005668618,0.205312054378525,0.0292946394908302,"0.14--0.41"
"worker_reproduction_multiple_founder",0.5,15,4,0.3,"1",4.1254118616145,5.2162273476112,7.17133443163097,8.48785008237232,11.1441515650741,12.0671334431631,1.68534694802802,12,2,4.1254118616145,5.2162273476112,7.17133443163097,9.34678747940692,11.1441515650741,1.86942959872874,11,0,10.0020593080725,8.65321252059308,10.75823723229,11.0848434925865,13.7948929159802,1.68201936800356,14,0,6.76894563426689,3.91803953871499,3.76050247116969,2.35152388797364,2.87726523887974,0.00043543680772171,0.0288,1.16666666666667,0.854166666666667,1470.44522240527,0.322134259605944,0.248598990709153,0.254208380511905,0.237387907874927,0.221800722994038,0.210398203611989,0.0327588552411475,"0.12--0.43"
"worker_reproduction_multiple_founder",0.5,15,4,0.5,"1",3.54177897574124,4.15318957771788,5.56716082659479,6.43283917340521,9.0884995507637,9.89734950584007,2.21907787395739,10,2,3.54177897574124,4.15318957771788,5.56716082659479,7.58176100628931,9.0884995507637,2.19070210905594,9,0,11.6933962264151,8.17295597484277,10.5150494159928,9.85242587601078,13.9905660377358,1.50066290853015,14,0,8.42340521114106,4.16981132075472,5.00314465408805,3.00853548966757,4.99483378256963,0.00289075329850832,0.1096,1.35401459854015,0.742700729927007,301.556379155436,0.321120033443147,0.24497603350839,0.26384981569234,0.249369280526712,0.224713007983163,0.21163476214441,0.0362671793364804,"0.10--0.43"
"worker_reproduction_multiple_founder",0.5,15,6,0.3,"1",5.00904159132007,6.37432188065099,9.52722523608599,10.9475587703436,12.970062286518,13.4315852923448,1.15681216602719,14,2,5.00904159132007,6.37432188065099,9.52722523608599,11.486839461523,12.970062286518,1.31453500030236,13,0,11.1330118545308,9.50411894715692,12.0405866988145,12.2194092827004,14.3347398030942,1.00644261932301,15,0,6.75366686759092,3.45810729355033,2.56640546513964,1.11814345991561,1.47377938517179,8.54736003095052e-05,0.00460000000000005,1.04347826086957,0.956521739130435,10808.743620655,0.30689490727164,0.234848497388655,0.241197766973618,0.220078341060843,0.208424800363334,0.196859213467155,0.0269013116280535,"0.12--0.38"
"worker_reproduction_multiple_founder",0.5,15,6,0.5,"1",4.22500517491203,5.03374042641275,7.82943489960671,9.00745187331815,11.7414613951563,12.4032291451045,1.65618919672516,13,2,4.22500517491203,5.03374042641275,7.82943489960671,9.79838542744773,11.7414613951563,1.82823978761674,12,0,12.3957772717864,8.37859656385841,11.8648312978679,11.3380252535707,14.4547712688884,0.840716878640779,15,0,8.2823432001656,3.4141999586007,4.0453322293521,2.02173463051128,2.73504450424343,0.0007425806490832,0.0338000000000001,1.19526627218935,0.828402366863905,2056.91616642517,0.305348275313086,0.230617638466944,0.250463284777494,0.229742521304376,0.217303604729985,0.204986024032276,0.0313716179695066,"0.12--0.39"
"worker_reproduction_multiple_founder",0.05,15,2,0.1,"1",3.49184006527948,4.63769889840881,5.70379436964504,6.63055895552836,9.17584659322725,10.2323541411669,1.75704189239543,10,2,3.49184006527948,4.63769889840881,5.70379436964504,7.74704202366381,9.17584659322725,1.75332605698927,9,0,3.30538555691554,3.91962464300286,5.68155854753162,7.06772745818033,9.50061199510404,3.73137756980695,9,0,2.40636474908201,1.90534475724194,1.81150550795594,1.41636066911465,2.09424724602203,0.000519538621723684,0.0196,1.26530612244898,0.806122448979592,421.989596083231,0.365945892670954,0.293830092884394,0.275599709831534,0.262978069978678,0.242081619329851,0.233519270909241,0.0384978889944344,"0.12--0.48"
"worker_reproduction_multiple_founder",0.05,15,2,0.3,"1",3.18055243655962,3.93060857848641,4.73074331911071,5.4578935549068,7.84662025600719,8.69324051201437,1.9949941024651,9,2,3.18055243655962,3.93060857848641,4.73074331911071,6.73478553783966,7.84662025600719,1.94928060743824,8,0,7.08017067145744,7.08780597350101,7.9598023804177,8.4807994610375,11.9222995733214,3.36653886493288,13,0,5.31686503480799,4.09431843700876,3.7518526835841,2.86885245901639,4.70132494947227,0.00238170235302985,0.1094,1.47349177330896,0.691042047531993,136.988547046935,0.362645033310877,0.286615260164396,0.284642617347787,0.275288230348297,0.241763705065447,0.232192906035498,0.0426184734185888,"0.11--0.46"
"worker_reproduction_multiple_founder",0.05,15,2,0.5,"1",2.95696659644899,3.32891965091785,3.79987962684321,4.13180860668071,6.03520914835992,6.33403551008125,1.95534283905533,6,2,2.95696659644899,3.32891965091785,3.79987962684321,5.56996689738188,6.03520914835992,1.805977142876,6,0,9.77580499548601,7.6689738188384,8.29641889858562,7.78784231116461,12.6196208245561,2.97749944191803,14,0,7.49804393620223,4.79807402949142,4.72946133012338,3.3129702076437,6.89046042732471,0.0100555851019677,0.3354,1.78413834227788,0.54144305307096,37.0770388203431,0.354115973804508,0.275504725788534,0.287224581991634,0.285343577395841,0.23257642240673,0.222181723610869,0.0499375199560207,"0.06--0.45"
"worker_reproduction_multiple_founder",0.05,15,4,0.1,"1",4.74393422899539,6.46781632243834,8.34188891116904,9.77722077401243,12.1152997794265,12.9759374373371,1.26914638621204,13,2,4.74393422899539,6.46781632243834,8.34188891116904,10.4768397834369,12.1152997794265,1.48469276304822,12,0,5.22338079005414,6.19270102265891,9.02707038299579,10.3713655504311,12.5408060958492,2.24226825766434,13,0,3.28534188891117,2.09163825947463,1.84640064166834,1.15781030679767,1.32765189492681,3.66039433608897e-05,0.00260000000000005,1,1,8777.50411068779,0.324132199958097,0.254238107511421,0.248486535008599,0.234062404832764,0.22272065352803,0.213559541461319,0.0313473183108615,"0.13--0.45"
"worker_reproduction_multiple_founder",0.05,15,4,0.3,"1",4.1967380224261,5.37675840978593,7.48725790010194,8.96534148827727,11.5476044852192,12.4348623853211,1.58045764146533,13,2,4.1967380224261,5.37675840978593,7.48725790010194,9.76065239551478,11.5476044852192,1.75852238232782,12,0,9.95535168195719,8.78409785932722,10.990621814475,11.4,13.9512742099898,1.45454192013435,14,0,6.6664627930683,3.89887869520897,3.66156982670744,2.18756371049949,2.60020387359837,0.000287879647497674,0.019,1.08421052631579,0.91578947368421,2544.06850152905,0.32418934135295,0.249963982111315,0.256118351992852,0.240917535082658,0.228868079814264,0.219541409987724,0.034031448563127,"0.13--0.46"
"worker_reproduction_multiple_founder",0.05,15,4,0.5,"1",3.5915430595528,4.25459375691831,5.91255257914545,6.88155855656409,9.62143015275625,10.5054239539517,2.1353200979088,11,2,3.5915430595528,4.25459375691831,5.91255257914545,7.95926499889307,9.62143015275625,2.13020817819885,10,0,11.7578038521142,8.02878016382555,10.7252601284038,10.2196147885765,14.1067079920301,1.34178657752577,14,0,8.42970998450299,3.92030108479079,4.84569404471995,2.92030108479079,4.56165596634935,0.00170470973475269,0.0966,1.27329192546584,0.780538302277433,514.267876909453,0.318718175780385,0.245367917566984,0.267508173296693,0.253073616984522,0.235267782849808,0.224864033208294,0.0384339178050577,"0.11--0.43"
"worker_reproduction_multiple_founder",0.05,15,6,0.3,"1",5.06423123243677,6.50682456844641,9.92653552790044,11.323966278603,13.1278602970695,13.5264953833802,1.0889013754512,14,2,5.06423123243677,6.50682456844641,9.92653552790044,11.8002810116419,13.1278602970695,1.22622362184157,13,0,11.1938980329185,9.69931754315536,12.1539542352469,12.335006021678,14.3697310317142,0.980737530182419,15,0,6.72681653954235,3.4845443596949,2.27318346045765,0.899839421918908,1.34062625451626,4.46374768548067e-05,0.00360000000000005,1.16666666666667,0.888888888888889,18709.5620232838,0.306645698295638,0.236288606390905,0.244192526233156,0.225247774515858,0.216003081864551,0.205888175917052,0.0283130206978154,"0.12--0.41"
"worker_reproduction_multiple_founder",0.05,15,6,0.5,"1",4.30576131687243,5.18744855967078,8.32037037037037,9.57860082304527,12.2166666666667,12.7833333333333,1.48788411364078,13,2,4.30576131687243,5.18744855967078,8.32037037037037,10.2899176954733,12.2166666666667,1.6609537127978,12,0,12.3421810699588,8.60679012345679,11.9868312757202,11.6514403292181,14.511316872428,0.760787491299897,15,0,8.16604938271605,3.4701646090535,3.67654320987654,1.81131687242798,2.31440329218107,0.000445753823543331,0.028,1.16428571428571,0.857142857142857,3611.49423868313,0.304527248157649,0.232957082596606,0.25268150253636,0.233793564791087,0.224543222444508,0.214210354736138,0.0322404505156125,"0.12--0.43"
"worker_reproduction_single_founder",0.5,15,2,0.1,"1",3.42839506172839,4.4798353909465,5.47695473251029,6.34320987654321,7.09650205761317,7.72283950617284,1.99317960407604,8,2,3.42839506172839,4.4798353909465,5.47695473251029,6.34320987654321,7.09650205761317,1.87956704733974,7,0,3.28148148148148,4.18024691358025,5.87078189300412,7.19197530864198,7.92736625514403,3.01445240375737,8,0,2.41296296296296,2.05164609053498,2.00082304526749,1.89897119341564,1.59382716049383,0.00102647752826531,0.028,1.37857142857143,0.721428571428571,238.711111111111,0.366993292344373,0.294253742009978,0.275396727377904,0.260604611485849,0.248907792282252,0.23914895985095,0.0450246318291078,"0.14--0.50"
"worker_reproduction_single_founder",0.5,15,2,0.3,"0",3.1914299021891,3.84373544480671,4.29832324173265,4.60433162552399,4.82044713553796,4.95831392640894,1.76868338097186,5,2,3.1914299021891,3.84373544480671,4.29832324173265,4.60433162552399,4.82044713553796,1.67514021660366,5,0,0,0,0,0,0,0,0,0,0,0,0,0,0,NA,0.1412,1.77478753541076,0.580736543909348,76.7631578947368,0.360708856396153,0.315667120099052,0.301440759289854,0.293773684960981,0.287063178212592,0.279814786465432,0.0700976843203437,"0.14--0.50"
"worker_reproduction_single_founder",0.5,15,2,0.3,"0.1",3.15773602412433,3.83832057527256,4.32219902574809,4.69357457666435,4.95476687543493,5.12874043145442,1.7816771121369,5,2,3.15773602412433,3.83832057527256,4.32219902574809,4.69357457666435,4.95476687543493,1.69290724147513,5,0,7.24565066109951,7.09371375550916,6.8455114822547,6.61029923451635,6.32823010902343,3.21389653696036,6,0,5.44606819763396,4.16724657852007,3.05683136163303,2.22083043377407,1.55346787288332,0.00124253652554066,0.1378,1.60957910014514,0.613933236574746,75.0359545349107,0.362884605825629,0.309827588697565,0.298671075528257,0.290358502506904,0.283307937838047,0.275944185237115,0.0673985174838727,"0.14--0.50"
"worker_reproduction_single_founder",0.5,15,2,0.3,"1",3.16998610467809,3.81357109773043,4.48957850856878,5.10213061602594,5.66049096804076,6.08198239925892,2.09198799390865,6,2,3.16998610467809,3.81357109773043,4.48957850856878,5.10213061602594,5.66049096804076,1.94410423906921,6,0,7.35826771653543,6.98633626679018,7.77420101899027,8.11973135710977,8.24154701250579,3.23917510761592,8,0,5.53543307086614,4.0748031496063,3.84159333024548,3.35317276516906,2.78601204261232,0.00516517204141752,0.1364,1.69794721407625,0.592375366568915,76.8131079203335,0.359605761595977,0.283922145570617,0.282818913926413,0.274234468525044,0.26665956365183,0.259428279658009,0.058897301726512,"0.15--0.50"
"worker_reproduction_single_founder",0.5,15,2,0.3,"0.2",3.16724577252722,3.81028492008339,4.36066712995135,4.75445911512625,5.07180912670836,5.31132731063238,1.83642832003637,5,2,3.16724577252722,3.81028492008339,4.36066712995135,4.75445911512625,5.07180912670836,1.71144400619998,5,0,7.47996293722492,6.94371091035441,7.14315496872828,6.92263145703035,6.75886031966643,3.22962615129091,6,0,5.62288626360899,4.06485985638175,3.31457030345147,2.48042622191337,1.88719017836461,0.00143880234284047,0.1366,1.77891654465593,0.582723279648609,75.5855918461895,0.360196468557309,0.304854488664875,0.29507084134884,0.287076118687451,0.279641325719952,0.27225411229568,0.0642415064607671,"0.14--0.50"
"worker_reproduction_single_founder",0.5,15,2,0.3,"0.3",3.20088248954947,3.8697166744078,4.43056200650255,4.90037157454714,5.2638179284719,5.55155596841616,1.8569675788373,5,2,3.20088248954947,3.8697166744078,4.43056200650255,4.90037157454714,5.2638179284719,1.73829604268061,5,0,7.10845332094751,7.1019507663725,7.3743613562471,7.28379006038086,7.23060845332095,3.16293890761409,7,0,5.30585229911751,4.14514630747794,3.48560148629819,2.70715281003251,2.16442173711101,0.00217903046579486,0.1388,1.6628242074928,0.613832853025937,77.4465861588481,0.361425364386349,0.298738186834282,0.289723116906869,0.281793053251531,0.274043695774276,0.266372109894744,0.0601927006892551,"0.14--0.50"
"worker_reproduction_single_founder",0.5,15,2,0.3,"0.4",3.17387261738726,3.8161320316132,4.41422594142259,4.91027429102743,5.30079033007903,5.61087866108787,1.88439490840208,5,2,3.17387261738726,3.8161320316132,4.41422594142259,4.91027429102743,5.30079033007903,1.76514454099684,5,0,7.31775918177592,7.00069735006973,7.3672710367271,7.49232914923291,7.39655973965597,3.13567753928121,7,0,5.50348675034868,4.10599721059972,3.47814969781497,2.9044630404463,2.29451417945142,0.00293047357678118,0.1396,1.70630372492837,0.603151862464183,75.6208740120874,0.360514627747891,0.297058932150106,0.290299323744709,0.282045144974268,0.273993038370409,0.266509017503501,0.0608812596693537,"0.15--0.50"
"worker_reproduction_single_founder",0.5,15,2,0.3,"0.5",3.15996279934899,3.81074168797954,4.42687747035573,4.94094396651941,5.34340850964892,5.69332713322483,1.91484400291959,6,2,3.15996279934899,3.81074168797954,4.42687747035573,4.94094396651941,5.34340850964892,1.78688930899928,5,0,7.42501743780516,6.85887003022553,7.57684259474541,7.61288072541269,7.54615205766101,3.19097888372956,7,0,5.58753778191118,3.99116484538479,3.67309927923739,2.99534991862358,2.41129969774471,0.00337230727855711,0.1398,1.73533619456366,0.580829756795422,75.9762845849802,0.361061934655285,0.294901746212992,0.290274113151868,0.280458576590623,0.27296557516737,0.265734852976119,0.0599054886136278,"0.13--0.50"
"worker_reproduction_single_founder",0.5,15,2,0.3,"0.6",3.22466450717261,3.86510874595095,4.50370198981953,5.04650624710782,5.51341971309579,5.88223044886627,1.95346553821568,6,2,3.22466450717261,3.86510874595095,4.50370198981953,5.04650624710782,5.51341971309579,1.83360853593408,5,0,7.56686719111522,7.02128644146229,7.69204072188801,7.84937528921795,7.92711707542804,3.14437161794425,8,0,5.64854234150856,4.06941230911615,3.70106432207311,3.11337343822304,2.60342434058306,0.00331675504412597,0.1356,1.64159292035398,0.616519174041298,78.649005090236,0.356891099799476,0.28941753631156,0.285465199122949,0.276952989103603,0.269478861163199,0.26205520733234,0.0584300700723267,"0.14--0.50"
"worker_reproduction_single_founder",0.5,15,2,0.3,"0.7",3.17630726515502,3.81073577047663,4.48889403054142,5.03979639055993,5.52267468764461,5.92387783433596,2.01670619242888,6,2,3.17630726515502,3.81073577047663,4.48889403054142,5.03979639055993,5.52267468764461,1.87273139040022,5,0,7.49329014345211,6.94400740397964,7.69828782970847,7.89125404905136,7.94539565016196,3.21573001813139,8,0,5.65363257751041,4.04072188801481,3.74849606663582,3.17838963442851,2.63165201295696,0.00370845333074864,0.1356,1.70353982300885,0.606194690265487,76.6166126793151,0.357070575608,0.289252227455938,0.28571363842771,0.277790121104368,0.270108147966834,0.262308581754087,0.0595087338206653,"0.14--0.50"
"worker_reproduction_single_founder",0.5,15,2,0.3,"0.8",3.17037552155772,3.83495595734817,4.51599443671766,5.08460825220213,5.59434399629114,6.02735280482151,2.01988562741541,6,2,3.17037552155772,3.83495595734817,4.51599443671766,5.08460825220213,5.59434399629114,1.87828710202477,5,0,7.36648122392211,6.82777005099675,7.81733889661567,8.07255447380621,8.14997681965693,3.22413965459479,8,0,5.53106165971256,3.94135373203523,3.8467779323134,3.29021789522485,2.77283263792304,0.00406490991009481,0.1372,1.7332361516035,0.58600583090379,77.3233657858136,0.361146364549529,0.288399245841167,0.285145981046649,0.275636858147747,0.2681952937164,0.260493343788597,0.0582210408895832,"0.14--0.50"
"worker_reproduction_single_founder",0.5,15,2,0.3,"0.9",3.18760120286838,3.83252371038631,4.54429794124451,5.14480684709692,5.68262780476521,6.13000231320842,2.04252220771048,6,2,3.18760120286838,3.83252371038631,4.54429794124451,5.14480684709692,5.68262780476521,1.90086108669861,6,0,7.37959750173491,7.01040943789035,7.97478602822114,8.12283136710618,8.26578764746704,3.21904364928138,8,0,5.52764284061994,4.06592643997224,3.95026601896831,3.29238954429794,2.78764746703678,0.0042870292154736,0.1354,1.73559822747415,0.583456425406204,78.8875780707842,0.360446224329812,0.286189842083111,0.282137927524336,0.273551557309294,0.266552226679334,0.259527651425813,0.0588623163036041,"0.13--0.50"
"worker_reproduction_single_founder",0.5,15,2,0.5,"1",2.99415606737711,3.33447920247508,3.74492952904778,4.00034376074252,4.22894465452045,4.40048126503953,1.64367397693235,4,2,2.99415606737711,3.33447920247508,3.74492952904778,4.00034376074252,4.22894465452045,1.5490071874852,4,0,9.76418013062908,7.76074252320385,8.30147817119285,7.78205568924029,7.36919903746992,3.13297017918427,7,0,7.46235819869371,4.83774492952905,4.80233757304916,3.9274664833276,3.26091440357511,0.0189907659727298,0.4182,2.14921090387374,0.46676231468197,21.8872464764524,0.35466798441618,0.272391570899901,0.283284985691088,0.279938849217398,0.281457749350155,0.280218429458018,0.0705080763597401,"0.07--0.50"
"worker_reproduction_single_founder",0.5,15,4,0.1,"1",4.66746987951807,6.32008032128514,8.10481927710843,9.44759036144578,10.4321285140562,11.1636546184739,1.70650383816073,11,2,4.66746987951807,6.32008032128514,8.10481927710843,9.44759036144578,10.4321285140562,1.83185857863787,11,0,5.19598393574297,6.43032128514056,8.99899598393574,10.3463855421687,11.1616465863454,2.05375023743321,11,0,3.30502008032129,2.24056224899598,2.00401606425703,1.54759036144578,1.10361445783133,6.30972868154034e-05,0.004,1.1,0.9,5005.63654618474,0.325134870567853,0.254457710322132,0.246600909963214,0.229804482712172,0.217839299386719,0.207310920532086,0.0312422913436858,"0.14--0.48"
"worker_reproduction_single_founder",0.5,15,4,0.3,"0",4.11393964278382,5.23547526175323,5.87107370149867,6.23362759187025,6.41120919729008,6.50502976801478,2.35100689559566,6,2,4.11393964278382,5.23547526175323,5.87107370149867,6.23362759187025,6.41120919729008,2.24437915196789,6,0,0,0,0,0,0,0,0,0,0,0,0,0,0,NA,0.0258,1.36434108527132,0.751937984496124,1404.4257852597,0.32242633945698,0.27432801814758,0.26552205310901,0.25358633468095,0.243465727632228,0.234841837549031,0.0537987518835901,"0.14--0.50"
"worker_reproduction_single_founder",0.5,15,4,0.3,"0.1",4.16501035196687,5.29192546583851,6.20890269151139,6.82815734989648,7.23250517598344,7.50062111801242,2.33272425083862,8,2,4.16501035196687,5.29192546583851,6.20890269151139,6.82815734989648,7.23250517598344,2.21292990097023,7,0,9.96708074534162,8.66666666666667,8.98571428571429,8.8184265010352,8.62650103519669,2.80911334807604,9,0,6.7008281573499,3.87929606625259,3.00662525879917,2.12298136645963,1.47639751552795,3.39322677088464e-05,0.034,1.18235294117647,0.847058823529412,1454.82277432712,0.322905205560485,0.268037603891268,0.262477139446922,0.248691361017254,0.238203422016375,0.228981510206847,0.0487597583533686,"0.13--0.50"
"worker_reproduction_single_founder",0.5,15,4,0.3,"1",4.10298661174047,5.20288362512873,7.1437693099897,8.47147270854789,9.6961894953656,10.4584963954686,2.19597090617892,11,2,4.10298661174047,5.20288362512873,7.1437693099897,8.47147270854789,9.6961894953656,2.24484390700189,10,0,9.85087538619979,8.58970133882595,10.7474768280124,11.0957775489186,11.4768280123584,2.01820837619166,12,0,6.68898043254377,3.88918640576725,3.77322348094748,2.71822863027806,1.82739443872297,0.000431390909056458,0.029,1.20689655172414,0.813793103448276,1446.29927909372,0.32329790103477,0.248421778906712,0.253024394659134,0.236717934676827,0.226707414537476,0.21643098565999,0.0379568100512415,"0.14--0.49"
"worker_reproduction_single_founder",0.5,15,4,0.3,"0.2",4.07493327858756,5.1997536440156,6.31410388010675,7.05522479983576,7.63888318620406,8.03797988092794,2.3186580822244,8,2,4.07493327858756,5.1997536440156,6.31410388010675,7.05522479983576,7.63888318620406,2.22131708550579,8,0,10.0231985218641,8.46417573393554,9.43502360911517,9.37877232601109,9.4099774173681,2.67616581506374,10,0,6.81995483473619,3.78772326011086,3.3387394785465,2.44898378156436,1.8581400123178,8.56159862602552e-05,0.0258,1.2093023255814,0.837209302325581,1407.11907205913,0.324651628908968,0.266510237673268,0.261983965040461,0.247718005478255,0.237271410806905,0.227757527797519,0.0465229145366405,"0.13--0.50"
"worker_reproduction_single_founder",0.5,15,4,0.3,"0.3",4.15455475946776,5.25281473899693,6.54411463664278,7.45506653019447,8.16847492323439,8.69027635619243,2.32197369936624,9,2,4.15455475946776,5.25281473899693,6.54411463664278,7.45506653019447,8.16847492323439,2.24312331329425,8,0,9.89396110542477,8.54636642784033,9.81883316274309,9.9381780962129,10.0798362333675,2.50294109836591,10,0,6.67778915046059,3.807164790174,3.47983623336745,2.61412487205732,1.98833162743091,0.000111020687715258,0.023,1.24347826086957,0.8,1459.62824974411,0.321648819308748,0.260980373110772,0.259167714390621,0.244363077283495,0.233738304197802,0.22393743740002,0.0427183580303279,"0.14--0.50"
"worker_reproduction_single_founder",0.5,15,4,0.3,"0.4",4.12676633217284,5.26070038910506,6.68892074544338,7.69936514437846,8.52693016588163,9.13680114683596,2.31565822387811,9,2,4.12676633217284,5.26070038910506,6.68892074544338,7.69936514437846,8.52693016588163,2.24517365213103,9,0,9.97542494368216,8.68605365553963,10.0915420847839,10.2693016588163,10.4648781486791,2.39984665129106,11,0,6.73049354904772,3.91910710628712,3.61314765513004,2.68994470612328,2.00532459553553,0.000167826632017573,0.0234,1.17094017094017,0.846153846153846,1462.85787425763,0.324415374599688,0.259649504969189,0.25916675601975,0.243337948132151,0.232365114921384,0.22236640786972,0.0427667159439059,"0.14--0.50"
"worker_reproduction_single_founder",0.5,15,4,0.3,"0.5",4.13305954825462,5.23285420944558,6.75687885010267,7.86652977412731,8.79835728952772,9.48685831622177,2.27791142372825,10,2,4.13305954825462,5.23285420944558,6.75687885010267,7.86652977412731,8.79835728952772,2.21609280849491,9,0,9.84969199178645,8.65277207392197,10.2718685831622,10.5098562628337,10.8090349075975,2.28698813704275,11,0,6.6305954825462,3.91663244353183,3.7082135523614,2.75811088295688,2.0735112936345,0.000196543894335159,0.026,1.22307692307692,0.815384615384615,1450.21232032854,0.323532540497376,0.25724107748749,0.257626620564217,0.241955499939931,0.231174004531515,0.221090653408574,0.0403760867618269,"0.13--0.50"
"worker_reproduction_single_founder",0.5,15,4,0.3,"0.6",4.12523058003689,5.224431235909,6.84812461569994,8.03053904488625,9.03709776593564,9.73908587825374,2.30250484505551,10,2,4.12523058003689,5.224431235909,6.84812461569994,8.03053904488625,9.03709776593564,2.25879381725957,9,0,9.9647468743595,8.59397417503587,10.4222176675548,10.6558721049395,10.9588030334085,2.23050156475262,11,0,6.72986267677803,3.87312973970076,3.74564459930314,2.73519163763066,1.97929903668785,0.000253966701117144,0.0242,1.1404958677686,0.867768595041322,1449.3537610166,0.32272685738688,0.25536243752346,0.257364172458522,0.2408660882279,0.230276751174841,0.22017670549367,0.0403986067627417,"0.12--0.50"
"worker_reproduction_single_founder",0.5,15,4,0.3,"0.7",4.1295878613902,5.2140660241952,6.96186180028706,8.15829403321714,9.24482263686693,9.98257125281936,2.24236552537786,10,2,4.1295878613902,5.2140660241952,6.96186180028706,8.15829403321714,9.24482263686693,2.22391366644758,9,0,9.95160959606315,8.55751486569612,10.5224523272504,10.7803977855239,11.1716218987082,2.13083886197374,12,0,6.71703916342013,3.84539676030347,3.75169161369694,2.75189665778142,1.98380151732623,0.000274832613921466,0.0246,1.17886178861789,0.861788617886179,1445.25651014968,0.323154366536569,0.254104819598311,0.256284505794872,0.239876258236018,0.229368809532654,0.219125426266233,0.039326711081657,"0.13--0.50"
"worker_reproduction_single_founder",0.5,15,4,0.3,"0.8",4.12882051282051,5.2414358974359,7.05128205128205,8.3265641025641,9.43794871794872,10.2053333333333,2.21622793419948,11,2,4.12882051282051,5.2414358974359,7.05128205128205,8.3265641025641,9.43794871794872,2.20725384348546,10,0,9.97989743589744,8.61969230769231,10.6666666666667,10.9341538461538,11.3072820512821,2.08860418386165,12,0,6.7345641025641,3.88820512820513,3.78584615384615,2.70871794871795,1.91671794871795,0.000338988345420893,0.025,1.128,0.888,1458.5881025641,0.323149350649351,0.251932961787394,0.255407131570653,0.238612499100572,0.22798228409159,0.21776904519069,0.0384192492354209,"0.13--0.50"
"worker_reproduction_single_founder",0.5,15,4,0.3,"0.9",4.09799918334014,5.21600653327889,7.06329113924051,8.36994691710902,9.56369946917109,10.3495304205798,2.19340556212681,11,2,4.09799918334014,5.21600653327889,7.06329113924051,8.36994691710902,9.56369946917109,2.24097699627167,10,0,9.91731318905676,8.65965700285831,10.7145773785218,11.0306247447938,11.4095549203757,2.04385414477317,12,0,6.71661902817477,3.93425888117599,3.8197223356472,2.75806451612903,1.89383421804818,0.000363983962715239,0.0204,1.20588235294118,0.823529411764706,1442.30440996325,0.323888273153279,0.250666993552737,0.254865691032573,0.238263662401178,0.227964533005124,0.217619745124775,0.0381164625883623,"0.14--0.49"
"worker_reproduction_single_founder",0.5,15,4,0.5,"1",3.55155335434489,4.14633048176497,5.56416028815849,6.40094552003602,7.41580369203062,8.09657811796488,2.52862771374165,8,2,3.55155335434489,4.14633048176497,5.56416028815849,6.40094552003602,7.41580369203062,2.3779844108666,7,0,11.5880234128771,8.06280954524989,10.4918955425484,9.82192705988294,10.3045925258892,2.56010329287327,11,0,8.34151283205763,4.06393516434039,4.97118415128321,3.45407474110761,2.90747411076092,0.00267166265151075,0.1116,1.44086021505376,0.684587813620072,286.928410625844,0.319782804243633,0.244521255225304,0.26395527816111,0.24989276480583,0.243629438163064,0.234634671586782,0.0503634572821318,"0.13--0.50"
"worker_reproduction_single_founder",0.5,15,6,0.3,"1",5.02993771348202,6.36226642555757,9.55716294956801,10.9425356640547,11.9539883463934,12.2786819369098,1.39377838914652,12,2,5.02993771348202,6.36226642555757,9.55716294956801,10.9425356640547,11.9539883463934,1.51906846371472,12,0,11.1802290536468,9.4544906570223,12.0642957604983,12.205545509343,12.4245529435403,1.31402890052948,13,0,6.74824191279887,3.38758288125377,2.55595740405867,1.2903355435001,0.475587703435805,0.000136992363888029,0.00460000000000005,1.04347826086957,0.956521739130435,10844.4908579466,0.306161896728503,0.235850109802951,0.241757231492581,0.220459973431605,0.209963801448518,0.198503716090622,0.0281199331130862,"0.14--0.41"
"worker_reproduction_single_founder",0.5,15,6,0.5,"1",4.22902025630426,5.037825547747,7.84601074824308,8.99855312112443,10.5653162463828,11.1537825547747,2.1279899141892,12,2,4.22902025630426,5.037825547747,7.84601074824308,8.99855312112443,10.5653162463828,2.20608945735391,11,0,12.3480777180653,8.38652335675899,11.8102521703183,11.3251343530384,11.9117403885903,1.75813259288584,12,0,8.23129392310872,3.41194708557255,3.97540305911534,2.33650268706077,1.34931789995866,0.000900527088916788,0.0324,1.17283950617284,0.851851851851852,2057.49669284828,0.304417145082193,0.231277125157649,0.250385514050292,0.230000907026549,0.222183771939765,0.21100485616368,0.035526010875918,"0.13--0.50"
"worker_reproduction_single_founder",0.05,15,2,0.1,"1",3.48783479860969,4.60151298303006,5.65732978940912,6.61153138417502,7.43856062154979,8.14046207319567,1.9325276451653,8,2,3.48783479860969,4.60151298303006,5.65732978940912,6.61153138417502,7.43856062154979,1.84048359135755,7,0,3.18401144960131,4.05643017787773,5.62809241463913,7.06849315068493,8.06154160703333,3.05118153976553,8,0,2.3203843794725,2.03475771825802,1.7918626047843,1.6675526477203,1.50214680024535,0.000527615411117211,0.0218,1.34862385321101,0.743119266055046,411.429973420568,0.365772349115479,0.294099646074834,0.27502247536281,0.262524571887748,0.252507198461145,0.244292447006833,0.0423362342982504,"0.15--0.50"
"worker_reproduction_single_founder",0.05,15,2,0.3,"1",3.20421430172607,3.92737054472091,4.73952028693118,5.46603900470746,6.1584846446985,6.73414032728088,2.14186805165664,7,2,3.20421430172607,3.92737054472091,4.73952028693118,5.46603900470746,6.1584846446985,1.98248786922239,6,0,7.28962116117462,7.05312710154674,8.14279309571845,8.4915938130464,8.80206231786595,3.1198849088622,9,0,5.47253978928491,4.06837032055593,3.91459314055145,3.35552566689083,2.85093028468953,0.00229500464709697,0.1078,1.4860853432282,0.684601113172542,131.587984756781,0.36118469860484,0.285819160705555,0.2839028905723,0.274543158991066,0.267165045785745,0.259998122056915,0.0540776905018789,"0.14--0.50"
"worker_reproduction_single_founder",0.05,15,2,0.5,"1",2.93757802746567,3.31710362047441,3.78682896379526,4.14731585518102,4.43695380774032,4.72034956304619,1.6601172060539,5,2,2.93757802746567,3.31710362047441,3.78682896379526,4.14731585518102,4.43695380774032,1.57765625923261,4,0,9.93071161048689,7.6498127340824,8.30992509363296,7.87578027465668,7.50873907615481,3.09868670407308,8,0,7.63389513108614,4.73657927590512,4.75312109862672,3.87078651685393,3.16978776529338,0.0135378860636294,0.3592,1.93763919821826,0.526726057906459,32.9303995006242,0.353158347452589,0.274718751956957,0.290687016260575,0.286612924787631,0.287613084812304,0.2848499871567,0.0670141860073185,"0.13--0.50"
"worker_reproduction_single_founder",0.05,15,4,0.1,"1",4.74974934830559,6.48506115901344,8.34409464607981,9.79185883296571,10.7916583116102,11.4341287347102,1.5770816021163,12,2,4.74974934830559,6.48506115901344,8.34409464607981,9.79185883296571,10.7916583116102,1.72953236086434,11,0,5.03809905754963,6.43613394826549,9.03529175857229,10.4307198716663,11.2693001804692,1.98335076985883,12,0,3.17345097252857,2.25085221576098,1.84800481251253,1.35652697012232,0.879887708040906,5.20342702066215e-05,0.00260000000000005,1,1,8767.13815921396,0.325147178368053,0.25426699954513,0.248324961427886,0.233708826776398,0.223385136311001,0.214261662392622,0.0309657057699968,"0.14--0.40"
"worker_reproduction_single_founder",0.05,15,4,0.3,"1",4.20647275706678,5.34985661614093,7.49446947972143,8.99446947972143,10.2648504711184,11.0485456780008,1.94913261269712,11,2,4.20647275706678,5.34985661614093,7.49446947972143,8.99446947972143,10.2648504711184,2.07563145117112,10,0,9.96251536255633,8.77734535026628,10.9786972552233,11.4113068414584,11.7498975829578,1.81649575340128,12,0,6.67083162638263,3.90393281442032,3.63805817287997,2.51310938140106,1.5196640721016,0.000281913038535973,0.0236,1.05084745762712,0.949152542372881,2556.25972961901,0.321945315654349,0.250276476987594,0.256654329014252,0.241073223253365,0.232384919720574,0.223320597962045,0.0362554121496413,"0.14--0.46"
"worker_reproduction_single_founder",0.05,15,4,0.5,"1",3.61702127659574,4.3141039701689,5.95371792059662,6.96424654529502,8.18074139065584,8.98508444834393,2.46915974246421,9,2,3.61702127659574,4.3141039701689,5.95371792059662,6.96424654529502,8.18074139065584,2.38923416737661,8,0,11.7620092125466,8.32375520947576,10.7872340425532,10.2963369159903,10.815749067778,2.36311188179729,11,0,8.4231191050669,4.15727133143233,4.87190173283615,3.36126343496381,2.64838780434306,0.00189851468249583,0.0881999999999999,1.3718820861678,0.739229024943311,510.903487606931,0.321674291563522,0.245884645745094,0.264648010602668,0.250682899496953,0.245196452655512,0.237039538634857,0.0456242244136481,"0.12--0.50"
"worker_reproduction_single_founder",0.05,15,6,0.3,"1",5.11921994370728,6.53156413349417,9.92782468837957,11.3542420587053,12.2177322074789,12.4593888218737,1.29960755588756,13,2,5.11921994370728,6.53156413349417,9.92782468837957,11.3542420587053,12.2177322074789,1.39828368692239,12,0,11.2253719340571,9.74708484117411,12.1747084841174,12.391435464415,12.5251306795336,1.27232595075573,13,0,6.71230398069964,3.48934459187776,2.29232006433454,1.05609167671894,0.312826698833936,8.98101555096178e-05,0.00519999999999998,1.03846153846154,0.961538461538462,18802.1489746683,0.305859923678832,0.235669319983118,0.243430085227075,0.224557307341754,0.215904976489223,0.205845660214314,0.0283695960769399,"0.13--0.41"
"worker_reproduction_single_founder",0.05,15,6,0.5,"1",4.28884297520661,5.22520661157025,8.37231404958678,9.65929752066116,11.1700413223141,11.6944214876033,1.81979252660217,12,2,4.28884297520661,5.22520661157025,8.37231404958678,9.65929752066116,11.1700413223141,1.95881631449815,11,0,12.3652892561983,8.68409090909091,12.004958677686,11.6834710743802,12.1502066115702,1.56394326480262,12,0,8.18760330578512,3.51446280991736,3.63801652892562,2.03202479338843,0.981198347107438,0.000632062673753954,0.032,1.10625,0.9125,3588.66549586777,0.306860456319392,0.233270482709572,0.252317909665757,0.233287824208731,0.226842932699786,0.217008070773839,0.0344653130451612,"0.14--0.50"
